expens_code,expens_name
0230,ttb กล้วยน้ำไท C/A#149-1-07570-9 บัญชีสวัสดิการ
A0001,เงินสด
A0002,เงินสดย่อย - สนงญ.
A0003,เงินสดย่อย - โครงการ
A0004,BBL กล้วยน้ำไท C/A#117-3-09787-2
A0005,CIMB กล้วยน้ำไท C/A#800-0-06027-6
A0006,CIMB กล้วยน้ำไท C/A#800-0-05998-3
A0007,CIMB กล้วยน้ำไท C/A#800-0-06036-9
A0008,CIMB กล้วยน้ำไท C/A#800-0-06039-5
A0009,CIMB กล้วยน้ำไท C/A#800-0-06048-8
A0010,CIMB กล้วยน้ำไท C/A#800-0-06051-9
A0011,CIMB กล้วยน้ำไท C/A#800-0-06052-1
A0012,IB สาธร  C/A#003-6-00048-5
A0013,KBANK กล้วยน้ำไท C/A#712-1-03689-9
A0014,KTB พระราม 4 C/A#192-6-00466-3
A0015,TMB กล้วยน้ำไท C/A#149-1-05009-0
A0016,TMB กล้วยน้ำไท C/A#149-1-05001-7
A0017,IB อโศก S/A#008-1-00472-9
A0018,KTB  S/A#192-0-11611-7
A0019,CIMB กล้วยน้ำไท  F/A#500-0-16810-8
A0020,KBANK กล้วยน้ำไท F/A#712-3-07250-7
A0021,KTB พระราม 4 F/A#192-2-03876-8
A0022,บัตรเงินฝาก ธนาคารซีไอเอ็มบี (SFC) FIX
A0023,เงินลงทุน กองทุนเปิดบัวหลวงธนทวี 888-260645-5 (BBL)
A0024,หลักทรัพย์เผื่อขาย
A0025,เงินลงทุนที่มิใช่บริษัทย่อยและบริษัทร่วม
A0026,ลูกหนี้การค้าในประเทศ
A0027,ตั๋วเงินรับ
A0028,เช็ครับล่วงหน้า
A0029,เช็ครับคืน
A0030,ลูกหนี้เงินประกันผลงาน-ตามสัญญาก่อสร้าง
A0031,ลูกหนี้เงินประกันสินค้าตาม-สัญญาซื้อขาย
A0032,สินค้าคงเหลือวัสดุก่อสร้าง
A0033,สินค้าคงเหลือสินค้าสำเร็จรูป
A0034,วัสดุก่อสร้างระหว่างทาง
A0035,งานระหว่างก่อสร้างคงเหลือ
A0036,บุคคลหรือกิจการอื่น
A0037,บุคคลหรือกิจการที่เกี่ยวข้องกัน
A0038,รายได้ที่ยังไม่เรียกชำระ
A0039,เงินจ่ายล่วงหน้า-ค่าวัสดุให้แก่เจ้าหนี้การค้า
A0040,เงินจ่ายล่วงหน้า-ค่าจ้างผู้รับเหมาช่วง
A0041,ค่าเบี้ยประกันภัยจ่ายล่วงหน้า
A0042,ค่าเช่าจ่ายล่วงหน้า
A0043,ค่าสมาชิกจ่ายล่วงหน้า
A0044,ค่าบริการจ่ายล่วงหน้า
A0045,ดอกเบี้ยจ่ายล่วงหน้า
A0046,ค่าธรรมเนียมธนาคารจ่ายล่วงหน้า
A0047,ค่าใช้จ่ายจ่ายล่วงหน้าอื่น
A0048,เงินค้ำประกันผลงานค้างรับ
A0049,ดอกเบี้ยค้างรับ
A0050,เงินปันผลค้างรับ
A0051,รายได้อื่นค้างรับ
A0052,ภาษีเงินได้นิติบุคคลถูกหัก ณ ที่จ่าย - ปีก่อน
A0053,ภาษีเงินได้นิติบุคคลถูกหัก ณ ที่จ่าย - ปีปัจจุบัน
A0054,ภาษีเงินได้นิติบุคคลจ่ายล่วงหน้า(ภงด.51)
A0055,ลูกหนี้ กรมสรรพากร
A0056,ลูกหนี้เงินทดรอง-คุณกิ่งกาญจน์ ถิรปัญญาเลิศ-ค่าแรงรายวัน
A0057,ลูกหนี้เงินทดรอง-คุณกิ่งกาญจน์  ถิรปัญญาเลิศ - ค่าสาธารณูปโภ
A0058,ลูกหนี้เงินทดรอง- เงินกู้
A0059,ลูกหนี้เงินทดรอง-คุณกิ่งกาญจน์  ถิรปัญญาเลิศ - เงินต่างด้าว
A0060,ลูกหนี้เงินทดรอง - เงินสำรอง
A0061,ลูกหนี้เงินทดรองเงินสดย่อย
A0062,ลูกหนี้เงินให้กู้ยืมกรรมการ
A0063,ลูกหนี้เงินให้กู้ยืมพนักงาน
A0064,ลูกหนี้เงินให้กู้ยืมหน่วยงานเก่า
A0065,ลูกหนี้ออฟฟิต หน่วยงาน
A0066,ลูกหนี้ผู้รับเหมาหน่วยงาน (สำรองจ่าย)
A0067,ลูกหนี้ร้านค้า
A0068,ลูกหนี้ดำเนินคดี
A0069,ลูกหนี้ ค้ำศาล ค้ำประกันต่าง ๆ
A0070,ลูกหนี้อื่น ๆ
A0071,เงินให้กู้ยืมระยะยาว
A0072,ที่ดิน
A0073,ส่วนปรับปรุงที่ดิน
A0074,อาคาร
A0075,เครื่องจักรและอุปกรณ์
A0076,เครื่องมือและอุปกรณ์ก่อสร้าง
A0077,เครื่องตกแต่งและเครื่องใช้สำนักงาน ตู้คอนเทรนเนอร์
A0078,"ยานพาหนะ,รถยนต์,รถกระบะ,รถบรรทุก"
A0079,ค่าลิขสิทธิ์ซอฟแวร์
A0080,เงินมัดจำ - ค่าเช่าที่ดิน
A0081,เงินมัดจำ - ค่าเช่าสำนักงาน
A0082,เงินมัดจำ - ค่าเช่าห้องพัก บ้านพัก
A0083,เงินมัดจำอื่นๆ
A0084,เงินประกัน - การไฟฟ้า
A0085,เงินประกัน - การประปา
A0086,เงินประกัน - โทรศัพท์
A0087,เงินประกัน - การใช้ลิฟท์
A0088,เงินประกัน - ค่าเช่าอุปกรณ์ก่อสร้าง
A0089,เงินประกัน - อื่นๆ
A0090,ดอกเบี้ยเช่าซื้อรอตัดบัญชี
A0091,สินทรัพย์ภาษีเงินได้รอการตัดบัญชี
A0092,เงินเบิกเกินบัญชี
A0093,เงินกู้ยืมธนาคารระยะสั้น (P/N)
A0094,เงินกู้ยืมอื่น ๆ
A0095,ตั๋วสัญญาใช้เงิน-ขายลดงาน
A0096,เจ้าหนี้การค้า
A0097,เจ้าหนี้อื่น ๆ
A0098,เช็คจ่ายล่วงหน้าเพื่อค้ำประกัน
A0099,เช็คจ่ายล่วงหน้า
A0100,ดอกเบี้ยเช่าซื้อรอตัดบัญชี-ส่วนที่ถึงกำหนดชำระภายในหนึ่งปี
A0101,เจ้าหนี้เงินค้ำประกันผลงานผู้รับเหมา
A0102,เจ้าหนี้เงินค้ำประกันสินค้า
A0103,เงินรับล่วงหน้าจากลูกค้าตามสัญญาก่อสร้าง
A0104,เงินรับล่วงหน้าตามสัญญาซื้อขาย
A0105,ภาษีหัก ณ ที่จ่าย - ภงด.1
A0106,ภาษีหัก ณ ที่จ่าย - ภงด.2
A0107,ภาษีหัก ณ ที่จ่าย - ภงด.3
A0108,ภาษีหัก ณ ที่จ่าย - ภงด.53
A0109,ภาษีหัก ณ ที่จ่าย - ภงด.54
A0110,เงินเดือนและค่าแรงงานค้างจ่าย
A0111,เงินโบนัสค้างจ่าย
A0112,สวัสดิการพนักงานค้างจ่าย
A0113,เงินประกันสังคมค้างจ่าย
A0114,เงินกองทุนสำรองเลี้ยงชีพค้างจ่าย
A0115,ค่าสอบบัญชีค้างจ่าย
A0116,ค่าธรรมเนียมวิชาชีพค้างจ่าย
A0117,ดอกเบี้ยค้างจ่าย
A0118,ค่าธรรมเนียมธนาคารค้างจ่าย
A0119,ค่าเบี้ยประกันค้างจ่าย
A0120,"ภาษีเงินได้นิติบุคคลค้างจ่าย ภงด.51,ภงด.50"
A0121,ค่าใช้จ่ายค้างจ่ายอื่น ๆ
A0122,ภาษีขาย
A0123,เจ้าหนี้กรมสรรพากร
A0124,รายได้รับล่วงหน้า
A0125,ดอกเบี้ยรับล่วงหน้า
A0126,เจ้าหนี้เงินกู้ยืมกรรมการ
A0127,เจ้าหนี้เงินยืมทดรองเงินสด
A0128,เงินกู้ระยะยาว
A0129,เจ้าหนี้เช่าซื้อ - ลีสซิ่ง
A0132,ค่าโบนัส
A0133,เงินชดเชยตามกฎหมาย
A0134,ค่าจ้างเหมาเก็บงาน (ผู้รับเหมา)
A0136,ค่าเบี้ยประชุมกรรมการ
A0137,ค่าตอบแทนกรรมการอื่น
A0139,เงินสมทบกองทุนทดแทน
A0140,เงินสมทบกองทุนพัฒนาฝีมือแรงงาน
A0141,เงินกองทุนพัฒนาคุณภาพชีวิตคนพิการ
A0143,ค่าใช้จ่ายผลประโยชน์หลังเกษียณอายุ-พนักงาน
A0144,"สวัสดิการประกันกลุ่ม ,ประกันภัยหมู่"
A0145,เงินลงทุนที่เป็นบริษัทย่อยและบริษัทร่วม
A0149,ค่าวิทยุสื่อสาร
A0150,ค่าวัสดุสิ้นเปลืองสำนักงาน(กระดาษชำระ ก้อนดับกลิ่น ของใช้สนง.)
A0151,BANK OF CHINAอาคารบางกอกซิตี้  C/A#100000300725707
A0152,ค่าจอดรถและทางด่วน
A0154,ค่าใช้จ่ายรถยนต์ รถจักรยานยนต์
A0156,ค่าบริการทำความสะอาด (แม่บ้าน)
A0158,ค่าซ่อมแซมและบำรุงรักษา -นั่งร้านและอุปกรณ์นั้งร้าน
A0159,ค่าซ่อมแซมและบำรุงรักษา - เครื่องมือและอุปกรณ์ก่อสร้าง
A0160,ค่าซ่อมแซมและบำรุงรักษา - เครื่องตกแต่งและเครื่องใช้สำนักงาน
A0161,"ค่าซ่อมแซมและบำรุงรักษา - ยานพาหนะ (เปลี่ยนอะไหล่,วัสดุสิ้นเปลืองใช้กับรถ)"
A0162,ค่าซ่อมแซมและบำรุงรักษา - อาคารสำนักงาน
A0164,ค่าเย็บเล่ม /เข้าเล่ม
A0165,TMBกล้วยน้ำไท บัญชีค่าแรงรายวัน  S/A#149-2-32771-1
A0169,ค่าใช้จ่ายส่วนฉุกเฉิน( ค่ารักษาพยาบาลเบื้องต้นฯ)
A0170,ค่าวัสดุ/อุปกรณ์สิ้นเปลืองสำนักงาน(รวม น้ำ ชา กาแฟ)
A0171,ค่าเครื่องมือ เครื่องใช้และอุปกรณ์สำนักงาน สิ้นเปลือง
A0172,"ค่ารับรอง,ของขวัญ,กระเช้าและอื่น ๆ"
A0173,ค่ารับรองผู้บริหาร
A0174,ค่าใช้จ่ายส่วนผู้บริหาร
A0175,ค่ารักษาความปลอดภัย( ยาม)
A0180,ค่าเบี้ยประกันภัย-เครื่องจักร
A0181,ค่าเบี้ยประกันภัย-ยานพาหนะ
A0184,ค่าเบี้ยประกันอื่น ๆ
A0189,ค่าธรรมเนียมวิชาชีพอื่น
A0192,"ค่าสาธารณูปโภค,ส่วนกลาง (ทรัพย์สินบริษัท คอนโด)"
A0196,ค่าธรรมเนียมอื่นๆ
A0200,ค่าภาษีธุรกิจเฉพาะ ภธ.40
A0202,ค่าภาษีอื่น ๆ
A0204,"ค่าใช้จ่ายดูแลส่วนงานภายนอก,ค่าธรรมเนียมคนงาน"
A0205,ค่าชดเชยความเสียหาย
A0206,ค่าปรับตามสัญญา
A0207,ค่าเบี้ยปรับและเงินเพิ่ม
A0208,ค่าภาษีซื้อที่ขอคืนไม่ได้
A0210,ค่าภาษีหัก ณ ที่จ่าย3% - บริษัทออกให้
A0211,ดอกเบี้ยจ่ายเงินเบิกเกินบัญชี OD
A0212,ดอกเบี้ยจ่าย (เงินกู้ P/N)
A0213,ดอกเบี้ยจ่าย
A0214,ดอกเบี้ยเงินกู้กรรมการ
A0216,ดอกเบี้ยเช่าซื้อตัดจ่าย
A0218,ค่าภาษีเงินได้นิติบุคคล
A0219,เงินทดรองรับ-จ่าย (สำรองจ่าย)
A0220,เงินสำรองค้างจ่าย (ตั้งพัก)
A0221,ทุนหุ้นสามัญ
A0222,ลูกหนี้เงินให้กู้ยืมแก่คนงาน
A0223,ลูกหนี้เงินทดรอง-ค่าแรงงานรายวัน
A0224,เงินกองทุนให้กู้ยืมเพื่อการศึกษาค้างจ่าย
A0225,หนี้สินที่อาจเกิดขึ้น-ผลประโยชน์พนักงานหลังเกษียณ
A0226,ttb กล้วยน้ำไท S/A#149-2-33104-4
A0227,KBANK กล้วยน้ำไท S/A#131-2-70792-2
A0228,ttb กล้วยน้ำไท S/A#149-2-50087-9 บัญชีเงินกู้
A0229,ttb กล้วยน้ำไท S/A#149-2-50088-7 บัญชีเงินสำรอง
A0230,เงินให้กู้ยืมแก่ผู้รับเหมา
A0231,ttb กล้วยน้ำไท   S/A#149-2-50212-3
A0232,เงินลงทุนบริษัทย่อย-บริษัท เอสเอฟซี ฮิวแมน รีซอสเซส เอ็กซ์เพิร์ท จำกัด
A0233,KTB นานาเหนือ S/A #000-3-16638-4
A0234,TTB กล้วยน้ำไท C/A#149-1-07573-3
A0235,ค่าแรงงาน-ฝึกงาน สนญ
A0236,เงินลงทุนในบริษัท อัลติจูด ฟอเรสต์ 2 จำกัด
A0237,ttb กล้วยน้ำไท S/A#149-2-51494-6
A0238,ttb กล้วยน้ำไท S/A#149-2-26838-6
A0239,รายได้อื่น (เงินประกันผลงาน)
A0240,เครื่องใช้สำนักงาน
A0241,ส่วนลดรับ
A0242,ค่าบริหารงาน
A0243,"เงินลงทุน-บริษัท แปซิฟิค การ์เดน ฮอสปิตอล จำกัด "
A227,รายได้อื่นๆ
F0003,เงินเดือนพนักงาน
F0004,ค่าแรงรายวัน DC
F0006,"ค่าฝึกอบรม,สัมมนาและโฆษณารับสมัครงาน"
F0007,ค่าประกันสังคมส่วนบริษัท
F0008,ค่าชุดยูนิฟอร์มพนักงาน
F0009,เงินสมทบกองทุนสำรองเลี้ยงชีพ - ส่วนบริษัท (ส่วนกลาง)
F0010,เงินสมทบกองทุนทดแทน
F0011,เงินเดือน Spare Part
F0012,ค่าที่ปรึกษา
F0014,"ค่าสวัสดิการ (ประกันกลุ่ม ,สวัสดิการอื่น)"
F0015,เงินสมทบพัฒนาฝีมือแรงงาน
F0016,เงินสมทบกองทุนพัฒนาคนพิการ
F0017,ค่าแรงรายวัน DC - Precast
F0018,ค่าใช้จ่ายผลประโยชน์หลังเกษียณอายุ-พนักงาน
F0019,ค่าแรงงานฝึกงาน
F0020,ค่าไฟฟ้า
F0021,ค่าน้ำประปา
F0022,ค่าโทรศัพท์
F0023,"ค่ากระดาษ เครื่องเขียน,นามบัตร,หนังสือพิมพ์,คัดหนังสือ,EMS,ต่ออายุ"
F0024,ค่ารปภ.
F0025,"ค่าเช่า, บริการ เครื่องถ่ายเอกสารของส่วนกลาง"
F0026,ค่าบริการทำความสะอาด (แม่บ้าน)
F0027,ค่าวัสดุสิ้นเปลืองสำนักงาน(กระดาษชำระ ก้อนดับกลิ่นประเภทของใช้)
F0028,"ค่าบริการอื่น (กำจัดปลวก, เก็บขยะ หรืออื่นๆ ที่เป็นส่วนกลาง)"
F0029,"ค่าใช้จ่ายเบ็ดเตล็ดสำนักงาน (กาแฟ,น้ำดื่ม,ถุงขยะ,พวงมาลัย,ของไหว้,)"
F0030,"ค่าเบี้ยประกันภัยอาคาร,บ้านพัก"
F0031,"ค่าเช่าที่ดิน,ค่าบริการเพื่อให้ได้มาที่ดิน"
F0032,ค่าเช่าสำนักงาน
F0033,ค่าใช้จ่ายสิ้นเปลืองป้องกัน COVID19
F0034,ค่าน้ำมันยานพาหนะ
F0035,ค่าทางด่วนและค่าที่จอดรถ
F0036,"ค่าเดินทางและที่พักในและต่างประเทศ (TAXI ,ค่ารถ,ตั๋วเครื่องบิน,ที่พัก)"
F0037,ค่าเบี้ยประกันภัยยานพาหนะ
F0038,"ค่าพรบ.,ค่าภาษีและจดทะเบียนยานพาหนะ"
F0039,"ค่าซ่อมแซมและบำรุงรักษายานพาหนะ,เปลี่ยนอะไหล่,วัสดุสิ้นเปลือง"
F0040,"ค่ายาง (รถเทเลอร์,รถบรรทุก,รถยนต์)"
F0041,"ค่าใช้จ่ายอื่นยานพาหนะ (ค่าชั่งน้ำหนัก,ค่าผ่านทาง)"
F0042,ค่าซ่อมบำรุงอุปกรณ์ เครื่องใช้สำนักงาน
F0043,"ค่าซ่อมแซมบำรุงรักษา -ทาวเวอร์เครน,เดอริกเครน"
F0044,ค่าซ่อมแซมและบำรุงรักษา -PASSENGER LIFT และอะไหล่ลิฟท์
F0045,ค่าซ่อมแซมและบำรุงรักษา-นั่งร้านและอุปกรณ์ประกอบนั่งร้าน
F0046,ค่าซ่อมแซมบำรุงรักษา -เครื่องมือและอุปกรณ์ก่อสร้าง
F0047,"ค่าเช่าและบริการ เครืองจักร,เครื่องมือ,passenger Lift ,อุปกรณ์,ยานหนะ"
F0048,ค่าวัสดุอุปกรณ์ (เครื่องมือเล็กๆ )ใช้ในการทำงาน
F0049,ค่าซ่อมแซมบำรุงรักษา -อาคารสำนักงาน
F0050,เงินบริจาค
F0051,"ค่าใช้จ่ายเกี่ยวกับรถยนต์ผู้บริหาร(น้ำมัน,บำรุงรักษา,ประกันภัย)"
F0052,"ค่ารับรอง,ค่ากระเช้า,ของขวัญ"
F0053,"ค่าโฆษณาประชาสัมพันธ์ ,ส่งเสริมการขาย"
F0054,"ค่าธรรมเนียมโอนเงิน,ซื้อเช็ค,เช็คคืน"
F0055,"ค่าธรรมเนียมLG,BD,PB, Advance,RET, อาวัล"
F0056,ค่าอากรแสตมป์
F0057,"ค่าตรวจสอบ,รับรอง,ที่ปรึกษาบัญชี,ค่าที่ปรึกษานักคณิตศาสตร์"
F0058,ดอกเบี้ยจ่ายตามสัญญาเช่าซื้อ
F0059,"ค่าภาษีโรงเรือนและที่ดิน,ภาษีป้ายต่างๆ"
F0060,"ดอกเบี้ยจ่ายเบิกเกินบัญชี,ดอกเบี้ยกู้ยืม,ด.บ PN  ด.บ ต่างๆ"
F0061,ค่าวิศวกรควบคุมงานต่างๆ
F0062,ค่าเบี้ยปรับเงินเพิ่ม
F0063,ค่าวัสดุก่อสร้าง(ส่วนเพิ่ม)
F0064,ค่าใช้จ่ายคดีความ
F0065,"ค่าประเมิน,ค่าโอน,ค่าจดจำนอง"
F0066,"ค่าใช้จ่ายอื่นไปดำเนินการ(ค่าเดินทาง,ค่าคัดเอกสาร,ค่าที่พัก,ประสานงาน)"
F0067,ค่าที่ปรึกษางานกฎหมาย
F0068,CSRค่าใช้จ่ายเพื่อสังคมและสิ่งแวดล้อม
F0069,"ค่าใช้จ่ายดูแลส่วนงานภายนอก,ค่าธรรมเนียมคนงาน"
F0070,วัสดุเก็บงาน
F0071,ค่าจ้างเหมาเก็บงาน (ผูัรับเหมา)
F0072,ค่าเสื่อมราคา- อาคาร
F0073,ค่าเสื่อมราคา -ทาวเวอร์เครน
F0074,ค่าเสื่อมราคา -ลิฟท์ Passenger
F0075,ค่าเสื่อมราคา -นั่งร้านและอุปกรณ์
F0076,ค่าเสื่อมราคา -เครื่องมือและอุปกรณ์ก่อสร้าง
F0077,ค่าเสื่อมราคา -เครื่องตกแต่งและเครื่องใช้สำนักงาน
F0078,"ค่าเสื่อมราคา -ยานพาหนะ,รถยนต์,รถกระบะ รถบรรทุก"
F0079,ค่าเสื่อมราคา -ค่าลิขสิทธิ์ซอฟแวร์
F0080,ค่าเสื่อมราคา-เครื่องมือและอุปกรณ์ทุกชนิดปล่อยเช่า
F0081,ค่าเสื่อมราคา -คอมพิวเตอร์และอุปกรณ์
F0082,ค่าเสื่อมราคา -อาคารคอนโด เพื่อการลงทุน
F0083,ค่าที่ปรึกษา -ความเป็นไปได้
F0084,ค่าเบี้ยประชุม
F0085,ค่าตอบแทนกรรมการอื่น
F0087,เงินปันผล
F0088,"ค่าใช้จ่ายไม่มีใบเสร็จ (ไม่มีใบเสร็จ,บิลไม่ถูกต้อง)"
F0089,ค่าอำนวยความสะดวก
F0090,ค่าเบี้ยปรับเงินเพิ่ม
F0091,ค่าภาษีซื้อที่ขอคืนไม่ได้
F0092,"ค่าภาษีนิติบุคคล (เครดิตภาษีที่ไม่รับคืน) ภาษีไม่ขอคืน,ภาษีที่บ.ออกให้"
F0093,ค่าวัสดุส่วนเพิ่ม
F0094,หนี้สงสัยจะสูญ
F0095,"ค่า Mound "
F0096,ค่าคอนกรีต (Precast)
F0097,ค่าเหล็กเส้น (Precast)
F0098,ค่า Wire Mesh  (Precast)
F0099,ค่าเหล็ก Plate ฝั่งแผ่น (Precast)
F0100,"ค่าวัสดุเหล็ก,อื่นๆ เพื่อบริหาร"
F0101,ค่าแรงงานผลิตที่โกดังบางไทร  (Precast)
F0102,ค่าวัสดุงานแต่งแผ่น (Precast)
F0103,ค่าเหล็ก Plate ฝั่งโครงสร้าง (Precast)
F0104,ค่าเหล็ก Plate Joint ยึดแผ่น  (Precast)
F0105,ค่าจ้างเหมาฝัง Plate
F0106,ค่าขนส่ง (Precast)
F0107,ค่าที่ปรึกษา งานวิจัยและพัฒนา
F0108,ค่าลวดสลิง (เสาเอ็น)
F0109,ค่าแรงงานตัด เชื่อม ประกอบ Plate(Precast)
F0110,ต้นทุนการผลิต - วัสดุอื่นๆ (รวมสิ้นเปลือง)
F0111,ค่าจ้างเหมาผลิตที่โกดังบางไทร  (Precast)
F0112,ค่าจ้างเหมางานประกอบ Mould แบบข้าง  (Precast)
F0113,ค่าจ้างเหมางานติดตั้งแผ่น(Precast)
F0114,ค่าจ้างเหมางานเก็บแต่งแผ่น (Precast)
F0115,ค่าแรงรื้อและแก้ไข (Precast)
G0001,ค่าภาษีซื้อขอคืนไม่ได้
G0002,ค่าภาษีหัก ณ ที่จ่าย3% - บริษัทออกให้
G0003,ค่าเบี้ยประกันภัยโครงการ
G0004,ค่าเบี้ยประกันภัยคนงาน
G0005,ค่าเก็บงานก่อนส่งมอบงาน
G0006,ค่าเก็บงานหลังส่งมอบงาน
G0007,ค่าธรรมเนียมหนังสือค้ำประกัน
G0008,ค่าอากรแสตมป์ติดสัญญา
G0009,ค่าธรรมเนียมหนังสือค้ำประกัน ADVANCE (.)
G0010,ค่าธรรมเนียมดอกเบี้ย
G0011,ค่าดอกเบี้ย(เงินกู้ P/N)
G0012,ค่าใช้จ่ายภายในสำนักงานใหญ่
G0013,ค่าใช้จ่ายที่ไม่มีบิล
G0014,ค่าออกแบบโครงสร้าง
G0015,ค่าเซ็นขออนุญาติ 39 ทวิ
G0016,ค่าใช้จ่ายเบื้องต้น เพื่อขออนุญาติก่อสร้าง
G0017,ส่วนที่คาดคิดไม่ถึง
G0018,"เงินโบนัส,ต้นทุนเงินรางวัล"
G0019,ค่าธรรมเนียมธนาคารอื่นๆ
G0020,ค่าปรับตามสัญญา
G0021,ค่าเคลียร์พื้นที่ก่อนเริ่มงาน
G0022,"ค่าทำถนนชั่วคราว, ระบบระบายน้ำชั่วคราว"
G0023,"ค่าทำรั้วชั่วคราว,ป้ายต่าง ๆ, ทางเข้า"
G0024,สิ้นเปลืองงานรื้อถอนและปรับปรุงพื้นที่โครงการ (Site clearing
G0025,ค่าปลูกสร้างบ้านพักคนงานชั่วคราว /สนาม
G0026,ค่าเช่าบ้านพักคนงานชั่วคราว/สนาม
G0027,สิ้นเปลืองงานปลูกสร้างบ้านพักคนงานชั่วคราว/สนาม
G0028,"ค่าปลูกสร้างสโตร์,ห้องน้ำชั่วคราว"
G0029,"ค่าเช่าสโตร์,ห้องน้ำชั่วคราว"
G0030,"สิ้นเปลืองปลูกสร้างสโตร์,ห้องน้ำชั่วคราว"
G0031,ค่าก่อสร้างสำนักงานชั่วคราวและปรับปรุงตู้
G0032,ค่าเช่าสำนักงานชั่วคราว
G0033,ค่าอุปกรณ์สำนักงานสนาม
G0034,"ค่าขอไฟฟ้า,ประปา,โทรศัพท์ชั่วคราว"
G0035,ค่าติดตั้งระบบไฟฟ้าชั่วคราว
G0036,ค่าติดตั้งระบบโทรศัพท์ชั่วคราว
G0037,ค่าติดตั้งระบบประปาชั่วคราว
G0038,ค่าอุปกรณ์แสงสว่างชั่วคราว
G0039,ค่าอุปกรณ์โทรศัพท์ชั่วคราว
G0040,ค่าอุปกรณ์ประปาชั่วคราว
G0041,"ค่าทำฐาน Tower Crane, Passenger Lift"
G0042,"ค่าขนส่ง, ติดตั้งและรื้อถอน Tower Crane, Derrick Crane และ P"
G0043,ค่าเท Lean ตั้งนั่งร้าน พื้นชั้น Ground
G0044,ค่าซ่อมแซมทรัพย์สินและถนนข้างเคียงที่ชำรุด เนื่องจากใช้เส้นท
G0045,"ค่าทำแท่นเครื่อง ,Duct Bank , Manhole ต่างๆ"
G0046,ค่าซ่อมบำรุงทาวเวอร์เครน (Tower Crane)
G0047,ค่าซ่อมบำรุงเดอริกเครน  (Derrick Crane)
G0048,ค่าซ่อมบำรุง PASSENGER LIFT
G0049,ค่าซ่อมบำรุง Placing Boom
G0050,"ค่าซื้อเครื่องมือเล็ก เครื่องตัด,ดัดเหล็ก,ปั๊มน้ำ,กล้อง และเครื่องใช้และอุปกรณ์สิ้นเปลือง"
G0051,ค่าเช่าทาวเวอร์เครน
G0052,ค่าเช่า PASSENGER LIFT
G0053,ค่าเช่าตู้คอนเทนเนอร์
G0054,ค่าเช่านั่งร้านพร้อมอุปกรณ์
G0055,ค่าเช่าเครื่องจักรอื่น
G0056,"ค่าเช่าแบบเหล็ก, แผงกันตก"
G0057,ค่าเช่ารถบรรทุกโกดังบางไทร
G0058,ค่าเช่าเดอร์ริกเครน
G0059,ค่าเช่ารถต่างๆ รวมน้ำมัน
G0060,ค่าเครื่องมือเช่าอื่นๆ
G0061,"ค่าซ่อมทาวเวอร์เครน,เครื่องจักรอื่นและเครื่องมือต่าง ๆ"
G0062,ค่าซ่อมลิฟท์ PASSENGER LIFT
G0063,"ค่าแรงติดตั้งและซ่อมแซม เม็ทเครน, ลิฟท์ชั่วคราว"
G0064,ค่าแรงซ่อมแซม Fromwork
G0065,ค่าซ่อมเครื่องมือสำรวจ
G0066,ค่าซ่อมแซมเครื่องมือก่อสร้าง
G0067,ค่าน้ำมันเครื่องจักร
G0068,ค่าอุปกรณ์เพื่อเก็บงานสถาปัตย์
G0069,ค่าเครื่องมือช่างไฟ
G0070,ค่าวัสดุ/อุปกรณ์ซ่อม/ประกอบตู้ไฟ
G0071,ค่าซ่อมแซมอุปกรณ์ไฟฟ้า
G0072,ค่าแบบเหล็ก/แบบฐานราก
G0073,ค่าแบบเสา/แบบผนัง
G0074,ค่าไม้แบบ
G0075,ค่านั่งร้าน
G0076,ค่าอุปกรณ์นั่งร้าน
G0077,ค่าเหล็กกล่องต่าง ๆ
G0078,ค่าอุปกรณ์ FORMTIE
G0079,ค่าน้ำยาเคมีต่าง ๆ
G0080,ค่า Temporary Support
G0081,ค่าซ่อมแซมนั่งร้านและอุปกรณ์
G0082,"ค่าของ/ค่าแรงงานนั่งร้านแขวน,กระเช้า เพื่องานฉาบภายนอก"
G0083,ค่าอุปกรณ์เพื่อความปลอดภัยโครงการ+ราวกันตก
G0084,"ค่าอุปกรณ์เพื่อความปลอดภัยพนักงาน(หมวก,เข็มขัด,..)"
G0085,ค่าใช้จ่ายเพื่อความปลอดภัยอื่นๆ
G0086,ค่าทดสอบวัสดุ
G0087,"ค่าทดสอบ Tower Crane, Derrick Crane และ PASSENGER LIFT"
G0088,ค่าคอนกรีต
G0089,ค่าวัสดุเก็บงานก่อนส่งมอบ
G0090,ค่าแรงเก็บงานก่อนส่งมอบ
G0091,งานป้องกันผิวพื้นและผนังก่อนส่งมอบงาน
G0093,ภงด. 1  แคมป์บ้านพักคนงาน
G0094,เงินประกันสังคม แคมป์บ้านพักคนงาน
G0095,ค่าแรงงานรายวัน แคมป์บ้านพักคนงาน
G0096,ค่ายาม แคมป์บ้านพักคนงาน
G0097,ค่าปลูกบ้านพัก+ซ่อมแซม แคมป์บ้านพักคนงาน
G0098,ค่าเช่าที่ แคมป์บ้านพักคนงาน
G0099,ค่าไฟฟ้า แคมป์บ้านพักคนงาน
G0100,ค่าโทรศัพท์ แคมป์บ้านพักคนงาน
G0102,ค่าใช้จ่ายเบ็ดเตล็ด แคมป์บ้านพักคนงาน
G0103,ค่าประสานงานภายนอก แคมป์บ้านพักคนงาน
G0104,ค่าเงินเดือนพนักงาน (หน่วยงาน)
G0105,ค่าเงินรางวัลพนักงาน (หน่วยงาน)
G0106,ค่าแรงพนักงานรายวัน (หน่วยงาน)
G0107,ค่าจ้างวิศวกรที่ปรึกษา (หน่วยงาน)
G0108,ค่ายาม (หน่วยงาน)
G0109,ค่าล่วงเวลาผู้ควบคุมคนงาน (หน่วยงาน)
G0110,"ค่าน้ำมันรถผู้บริหาร , ค่ารับรองต่างๆ  (หน่วยงาน)"
G0111,ค่าแรงติดตั้งและรื้อถอนนั่งร้านภายนอก (ค่ากระเช้า) (หน่วยงาน
G0112,ค่าแรงกวาดถนนและความปลอดภัยต่างๆ (หน่วยงาน)
G0113,ค่ารับรองผู้ควบคุมคนงาน (หน่วยงาน)
G0114,"ค่าข้าวกล่องคนงานที่ทำงานผ่านเที่ยง, ของไหว้เจ้าที่ (หน่วยงาน)"
G0115,ค่าไฟฟ้าสนาม (หน่วยงาน)
G0116,ค่าน้ำประปาสนาม (หน่วยงาน)
G0117,ค่าโทรศัพท์ (หน่วยงาน)
G0118,ค่าบ้านพักพนักงาน (หน่วยงาน)
G0119,ค่าเช่าที่ปลูกบ้านพักคนงาน (หน่วยงาน)
G0120,ค่าขนส่งคนงาน (หน่วยงาน)
G0121,ค่าใช้จ่ายเกี่ยวกับรถยนต์บริษัทใช้ในหน่วยงาน (หน่วยงาน)
G0122,ค่าเดินทาง (หน่วยงาน)
G0123,ค่าน้ำดื่ม (หน่วยงาน)
G0124,ค่าวิทยุสื่อสาร (หน่วยงาน)
G0125,ค่าขนส่งกลับโกดัง (หน่วยงาน)
G0126,ค่าอุปกรณ์สิ้นเปลือง (หน่วยงาน)
G0127,"ค่าอุปกรณ์เพื่อความปลอดภัยต่างๆ (หมวก, เข็มขัด, ....) (หน่วย"
G0128,ค่าเช่ารถขนขยะทิ้ง ออกนอกหน่วยงาน (หน่วยงาน)
G0129,"ค่ากระดาษ,เครื่องเขียน,ถ่ายแบบ,ค่าเช่าเครื่องถ่าย (หน่วยงาน)"
G0130,ค่าถ่ายแบบ Asbuilt Drawing (หน่วยงาน)
G0131,"ค่ากระดาษ,เครื่องเขียน,ถ่ายแบบ (ส่วนกลาง)"
G0132,ค่ารักษาพยาบาลเบื้องต้น (หน่วยงาน)
G0133,ค่าทำความสะอาดก่อนส่งมอบงาน (หน่วยงาน)
G0134,ค่ารื้อถอนต่าง ๆ ในการเคลียร์พื้นที่ก่อนส่งมอบ (หน่วยงาน)
G0135,ค่าซ่อมแซมบ้านข้างเคียง (หน่วยงาน)
G0136,"ค่าอุปกรณ์,วัสดุสิ้นเปลืองเก็บงาน  Defect (หน่วยงาน)"
G0137,"ค่าอุปกรณ์,วัสดุสิ้นเปลืองเก็บงาน ส่งลูกค้า (หน่วยงาน)"
G0138,ค่าวัสดุในการก่อสร้าง
G0139,จ่ายผู้รับเหมา
G0140,เงินประกันสังคม-ส่วนพนักงาน (DC)
G0141,"งานป้องกันผิวพื้น,ผนัง ก่อนส่งมอบงาน"
G0142,เงินประกันสังคม-ส่วนนายจ้าง (DC)
G0143,ค่าใช้จ่ายเพิ่มพื้นที่ทำงาน
G0144,ค่าขนส่งคนงาน (ใช้รถบริษัท)
G0145,เงินสำรองเลี้ยงชีพ
G0146,ค่าน้ำประปา แค้มป์บ้านพัก
G0147,ค่าใช้จ่ายเบ็ดเตล็ดแค้มบ้านพักคนส่วนของ SITE
G0148,ค่าเครื่องแต่งกายและอุปกรณ์ผู้ช่วยเซฟตี้
G0149,ค่าล่วงเวลา -ค่าแรงงานรายวัน
G0150,ค่าล่วงเวลา -ค่าแรงงานรายวันความปลอดภัย
G0151,ค่าวัสดุสิ้นเปลืองสำหรับซ่อมอุปกรณ์ความปลอดภัย
G0152,ค่าเช่าอุปกรณ์ Protection
G0153,ค่าติดตั้ง-รื้อถอน Protection
G0154,ค่าอุปกรณ์สิ้นเปลืองสำหรับงาน Protection
G0155,ค่าอุปกรณ์ Protection ที่เสียหาย
G0156,ค่าแรงงาน -ฝึกงาน โครงการ
K0001,ค่าวัสดุเก็บงาน
K0002,ค่าแรงรายวันเก็บงาน
K0003,ค่าซื้อรถ
K0004,ค่าประกันภัยรถยนต์
K0005,"ค่า พรบ,ค่าภาษี,ค่าจดทะเบียนรถ"
K0006,ค่าใช้จ่ายในการปรับปรุงซ่อมแซม (รวมเฟอร์นิเจอร์)ทรัพย์สินบริษัท คอนโด
K0007,ค่าน้ำมัน (ใช้กับรถทุกชนิด)
K0008,ค่าทางด่วน
K0009,เปลี่ยนยาง/เปลี่ยนอะไหล่
K0010,ค่าซ่อมรถ+เช็คระยะ (เข้าศูนย์)
K0011,"ค่าใช้จ่ายอื่นๆ (ค่าชั่งน้ำหนัก,ค่าผ่านทาง, ค่าปรับรถบรรทุก)"
K0012,"เงินเดือนพนักงาน (สนญ,บางไทร,แบริ่ง,Precast,บ้านพัก)"
K0013,ค่าแรงรายวัน DC
K0014,"ค่าเสื้้อ,ชุดยูนิฟอร์ม,บัตรพนักงาน"
K0015,"ค่าเดินทางชี้แจงแบบ,ค่าส่งเอกสาร,วินมอร์เตอร์ไซด์"
K0016,"ค่าไฟฟ้า,ขอมิเตอร์ไฟฟ้า"
K0017,ค่าน้ำประปา
K0018,"ค่าโทรศัพท์,อินเตอร์เน็ต"
K0019,"ค่ากระดาษ , เครื่องเขียน,EMS,คัดหนังสือ,ต่ออายุ,นามบัตร,นสพ."
K0020,ค่าเช่าเครื่องถ่ายและบริการเครื่องถ่าย
K0021,"ค่าอุปกรณ์ , เครื่องใช้สำนักงาน"
K0022,CSR(ค่าใช้จ่ายรับผิดชอบต่อสังคมและสิ่งแวดล้อม)
K0023,"ค่ารับรอง,ของขวัญ,กระเช้า เงินบริจาค พวงหรีด,ทำบุญ"
K0024,"ค่าเดินทาง, ที่พัก, TAXI (คชจ.เกี่ยวกับยานพาหนะ)"
K0025,ค่าที่พัก
K0026,"ค่าถ่ายแบบ,พิมพ์เขียว"
K0027,ค่าใช้จ่ายเกี่ยวกับรถยนต์ผู้บริหาร
K0028,"ค่าใช้จ่ายในการดำเนินงานกฎหมาย (ค่าเดินทาง, ค่าคัดเอกสาร,ค่าที่พัก,ประสานงาน)"
K0029,ค่าอำนวยความสะดวก
K0030,"ค่าใช้จ่ายเบ็ดเตล็ด (กาแฟ,น้ำดื่ม,อาหารเย็น, ถุงขยะ,พวงมาลัย ของไหว้)"
K0031,"ค่าซ่อมบำรุง,ปรับปรุงอาคาร (ปี 60 ไปใช้ A0162 แทน)"
K0032,ค่าซ่อมบำรุงอุปกรณ์ เครื่องใช้สำนักงาน
K0033,ค่าซื้อทาวเวอร์เครน (Tower Crane)
K0034,"ค่าซ่อมบำรุงทาวเวอร์เครน (Tower Crane ,เดอริกเครน)"
K0035,"ค่าเช่า บริการ  เครื่องจักรหนัก หรือเครื่องมือต่างๆ (ทาวเวอร์เครน,อื่น ๆทุกชนิด,ยานหนะ)"
K0036,ค่าซื้อเดอริกเครน  (Derrick Crane)
K0037,ค่าซ่อมบำรุงเดอริกเครน  (Derrick Crane) ปี 59 ไม่ใช้ไปรวมค่าซ๋อมเครน
K0038,ค่าเช่าเดอริกเครน  (Derrick Crane)
K0039,ค่าซื้อ PASSENGER LIFT และอะไหล่ลิฟท์
K0040,ค่าซ่อมบำรุง PASSENGER LIFT
K0041,ค่าเช่า PASSENGER LIFT และอะไหล่ลิฟท์
K0042,ค่าซื้อ Placing Boom
K0043,ค่าซ่อมบำรุง Placing Boom
K0044,ค่าเช่า Placing Boom
K0045,ค่าซื้อตู้คอนเทนเนอร์
K0046,ค่าซ่อมบำรุงตู้คอนเทนเนอร์
K0047,ค่านั่งร้านและอุปกรณ์ประกอบนั่งร้าน (บางไทร)
K0048,ค่าเครื่องมืออื่นๆ (บางไทร)
K0049,ค่าเครื่องมือ อุปกรณ์งานไฟฟ้า  (แบริ่ง)
K0050,"ค่าบริการอื่น ,กำจัดแมลง,เก็บขยะ"
K0051,"ค่าฝึกอบรม,สัมมนาและโฆษณารับสมัครงาน"
K0052,ค่าใช้จ่ายผู้บริหาร
K0053,ดอกเบี้ยจ่าย
K0054,ดอกเบี้ยเงินกู้ยืมกรรมการ
K0055,ดอกเบี้ยเช่าซื้อ
K0056,"ค่าประเมิน,ค่าโอน,ค่าจดจำนอง ตามกฎหมาย"
K0057,ค่าโฆษณาประชาสัมพันธ์บริษัท
K0058,"ค่าเบี้ยประกันภัยอาคาร,สนง,บ้านพัก"
K0059,"ค่าเบี้ยประกันภัยอุปกรณ์,เครื่องจักร"
K0060,ค่าดอกเบี้ยเงินกู้ P/N
K0061,ค่าดอกเบี้ยเงินเบิกเกินบัญชี (OD)
K0062,"ค่าธรรมเนียมธนาคารโอนเงิน,สมุดเช็ค,เช็คคืน"
K0063,"ค่าธรรมเนียมธนาคารซื้อเช็ค, เช็คคืน ปี 59 ไม่ใช้"
K0064,ค่าที่ปรึกษา
K0065,ค่ากิจกรรมพิเศษงานปีใหม่และงานฟุตบอล
K0066,ค่าใช้จ่ายเกี่ยวกับคดีความและอื่น ๆ
K0067,"ค่าซื้อแบบ,ค่าอื่นๆ เกี่ยวกับประมูลงาน"
K0068,"ค่าตรวจสอบ,ที่ปรึกษาและค่ารับรองทางบัญชี,นักคณิตศาสตร์"
K0069,"ค่าธรรมเนียมLG,BD,PB,Advance,RET,อาวัล"
K0070,ค่านายหน้า (คอนโดทรัพย์สินบริษัท)
K0071,ค่าภาษีที่ดิน
K0072,"ค่าภาษีโรงเรือน,ภาษีที่ดิน,ภาษีป้าย ต่างๆ"
K0073,ค่าภาษีโรงเรือน
K0074,ค่าล่วงเวลา-พนักงาน
K0075,ค่าล่วงเวลารายวัน
K0076,ค่าสมาชิกและวารสารสิ่งพิมพ์ ไม่ใช้ในปี 59
K0077,ค่าอากรแสตมป์
K0078,เงินบริจาค (ส่วนที่เกินอัตรา)
K0079,เงินบริจาคสาธารณกุศล
K0080,เงินปันผลผู้ถือหุ้น
K0081,เงินสมทบประกันสังคมส่วนของนายจ้าง
K0082,ดอกเบี้ยจ่ายอื่น
K0083,ค่าธรรมเนียม LG (เปิดวงเงิน)
K0084,ค่าธรรมเนียมหนังสือรับรอง
K0085,ค่าล่วงเวลาผู้ควบคุมงาน(วิศวกร)
K0086,"ค่าซ่อมเครื่องมือ "
K0087,"ค่าใช้จ่ายอื่นไม่มีบิล,ใบเสร็จ"
K0088,ต้นทุนค่าวัสดุ-ในการก่อสร้าง
K0089,เงินโบนัสกรรมการ
K0090,ค่าเบี้ยปรับเงินเพิ่ม
K0091,เงินสำรองเลี้ยงชีพ
K0092,ต้นทุนโครงการเก่าที่เคยลดหนี้
K0093,ค่าใช้จ่ายอื่นจ่ายเพื่อเก็บงาน(ยกเว้นวัสดุและแรงงาน)
K0094,ค่าเช่าที่ดิน (ปลูกบ้านพักคนงาน)
K0095,ค่าเช่าสำนักงาน
K0096,"ต้นทุนผลิต- ค่าวัสดุ "
K0097,ค่าแรงรายวัน DC - Precast
K0098,ค่าที่ปรึกษางานกฎหมาย
K0099,"ภาษีหักณที่จ่ายไม่ขอคืน,ภาษีที่บริษัทออกให้"
K0100,ค่าใช้จ่ายสิ้นเปลืองป้องกัน COVID19
K0101,ค่าที่ปรึกษา-งานวิจัยและพัฒนา
K0171,ค่าที่ปรึกษา-ความเป็นไปได้
R0001,กำไร(ขาดทุน)จากการจำหน่ายทรัพย์สิน
R0002,กำไร(ขาดทุน)จากภาษีสรรพากร
R0003,เงินเดือนพนักงาน
R0004,ค่าแรงรายวัน DC
R0006,"ค่าฝึกอบรม,สัมมนาและโฆษณารับสมัครงาน"
R0007,ค่าประกันสังคมส่วนบริษัท
R0008,ค่าชุดยูนิฟอร์มพนักงาน
R0009,เงินสมทบกองทุนสำรองเลี้ยงชีพ - ส่วนบริษัท (ส่วนกลาง)
R0010,เงินสมทบกองทุนทดแทน
R0011,เงินเดือน Spare Part
R0012,ค่าที่ปรึกษา
R0014,"ค่าสวัสดิการ (ประกันกลุ่ม ,สวัสดิการอื่น)"
R0015,เงินสมทบพัฒนาฝีมือแรงงาน
R0016,เงินสมทบกองทุนพัฒนาคนพิการ
R0017,ค่าแรงรายวัน DC - Precast
R0018,ค่าใช้จ่ายผลประโยชน์หลังเกษียณอายุ-พนักงาน
R0019,ค่าแรงงานฝึกงาน
R0020,ค่าไฟฟ้า
R0021,ค่าน้ำประปา
R0022,ค่าโทรศัพท์
R0023,"ค่ากระดาษ เครื่องเขียน,นามบัตร,หนังสือพิมพ์,คัดหนังสือ,EMS,ต่ออายุ"
R0024,ค่ารปภ.
R0025,"ค่าเช่า, บริการ เครื่องถ่ายเอกสารของส่วนกลาง"
R0026,ค่าบริการทำความสะอาด (แม่บ้าน)
R0027,ค่าวัสดุสิ้นเปลืองสำนักงาน(กระดาษชำระ ก้อนดับกลิ่นประเภทของใช้)
R0028,"ค่าบริการอื่น (กำจัดปลวก, เก็บขยะ หรืออื่นๆ ที่เป็นส่วนกลาง)"
R0029,"ค่าใช้จ่ายเบ็ดเตล็ดสำนักงาน (กาแฟ,น้ำดื่ม,ถุงขยะ,พวงมาลัย,ของไหว้,)"
R0030,"ค่าเบี้ยประกันภัยอาคาร,บ้านพัก"
R0031,"ค่าเช่าที่ดิน,ค่าบริการเพื่อให้ได้มาที่ดิน"
R0032,ค่าเช่าสำนักงาน
R0033,ค่าน้ำมันยานพาหนะ
R0034,ค่าทางด่วนและค่าที่จอดรถ
R0035,"ค่าเดินทางและที่พักในและต่างประเทศ (TAXI ,ค่ารถ,ตั๋วเครื่องบิน,ที่พัก)"
R0036,ค่าเบี้ยประกันภัยยานพาหนะ
R0037,"ค่าพรบ.,ค่าภาษีและจดทะเบียนยานพาหนะ"
R0038,"ค่าซ่อมแซมและบำรุงรักษายานพาหนะ,เปลี่ยนอะไหล่,วัสดุสิ้นเปลือง"
R0039,"ค่ายาง (รถเทเลอร์,รถบรรทุก,รถยนต์)"
R0040,"ค่าใช้จ่ายอื่นยานพาหนะ (ค่าชั่งน้ำหนัก,ค่าผ่านทาง)"
R0041,"ค่าถ่ายเอกสาร,ถ่ายแบบ,พิมพ์เขียว "
R0042,ค่าซื้อแบบ
R0043,ค่าเย็บเล่ม
R0044,"ค่าเดินทางชี้แจงแบบ,ส่งเอกสาร (รวมวินมอร์เตอร์ไซด์)TAXI"
R0045,ค่าจ้างออกแบบ BIM
R0046,ค่าซ่อมบำรุง ปรับปรุงอาคาร
R0047,ค่าเบี้ยประกันภัยอาคาร
R0048,ค่าใช้จ่ายปรับปรุงซ่อมทรัพย์สินบริษัท รวมเฟอร์นิเจอร์ ค่าตกแต่งคอนโด
R0049,"ค่านายหน้า "
R0050,"ค่าส่วนกลาง,ค่าสาธารณูปโภค (ทรัพย์สินบริษัท)"
R0051,ค่าบริหารงาน
R0052,ค่าซ่อมบำรุงอุปกรณ์ เครื่องใช้สำนักงาน
R0053,"ค่าซ่อมแซมบำรุงรักษา -ทาวเวอร์เครน,เดอริกเครน"
R0054,ค่าซ่อมแซมและบำรุงรักษา -PASSENGER LIFT และอะไหล่ลิฟท์
R0055,ค่าซ่อมแซมและบำรุงรักษา-นั่งร้านและอุปกรณ์ประกอบนั่งร้าน
R0056,ค่าซ่อมแซมบำรุงรักษา -เครื่องมือและอุปกรณ์ก่อสร้าง
R0057,"ค่าเช่าและบริการ เครืองจักร,เครื่องมือ,passenger Lift ,อุปกรณ์,ยานหนะ"
R0058,ค่าวัสดุอุปกรณ์ (เครื่องมือเล็กๆ )ใช้ในการทำงาน
R0059,ค่าซ่อมแซมบำรุงรักษา -อาคารสำนักงาน
R0060,เงินบริจาค
R0061,"ค่าใช้จ่ายเกี่ยวกับรถยนต์ผู้บริหาร(น้ำมัน,บำรุงรักษา,ประกันภัย)"
R0062,"ค่ารับรอง,ค่ากระเช้า,ของขวัญ"
R0063,"ค่าโฆษณาประชาสัมพันธ์ ,ส่งเสริมการขาย"
R0064,"ค่าธรรมเนียมโอนเงิน,ซื้อเช็ค,เช็คคืน"
R0065,"ค่าธรรมเนียมLG,BD,PB, Advance,RET, อาวัล"
R0066,ค่าอากรแสตมป์
R0067,"ค่าตรวจสอบ,รับรอง,ที่ปรึกษาบัญชี,ค่าที่ปรึกษานักคณิตศาสตร์"
R0068,ดอกเบี้ยจ่ายตามสัญญาเช่าซื้อ
R0069,"ค่าภาษีโรงเรือนและที่ดิน,ภาษีป้ายต่างๆ"
R0070,"ดอกเบี้ยจ่ายเบิกเกินบัญชี,ดอกเบี้ยกู้ยืม,ด.บ PN  ด.บ ต่างๆ"
R0071,ค่าวิศวกรควบคุมงานต่างๆ
R0072,ค่าเบี้ยปรับเงินเพิ่ม
R0073,ค่าวัสดุก่อสร้าง(ส่วนเพิ่ม)
R0074,ค่าใช้จ่ายคดีความ
R0075,"ค่าประเมิน,ค่าโอน,ค่าจดจำนอง"
R0076,"ค่าใช้จ่ายอื่นไปดำเนินการ(ค่าเดินทาง,ค่าคัดเอกสาร,ค่าที่พัก,ประสานงาน)"
R0077,ค่าที่ปรึกษางานกฎหมาย
R0078,CSRค่าใช้จ่ายเพื่อสังคมและสิ่งแวดล้อม
R0079,"ค่าใช้จ่ายดูแลส่วนงานภายนอก,ค่าธรรมเนียมคนงาน"
R0080,ค่าวัสดุเก็บงาน
R0081,ค่าจ้างเหมาเก็บงาน (ผูัรับเหมา)
R0082,ค่าเสื่อมราคา- อาคาร
R0083,ค่าเสื่อมราคา -ทาวเวอร์เครน
R0084,ค่าเสื่อมราคา -ลิฟท์ Passenger
R0085,ค่าเสื่อมราคา -นั่งร้านและอุปกรณ์
R0086,ค่าเสื่อมราคา -เครื่องมือและอุปกรณ์ก่อสร้าง
R0087,ค่าเสื่อมราคา -เครื่องตกแต่งและเครื่องใช้สำนักงาน
R0088,"ค่าเสื่อมราคา -ยานพาหนะ,รถยนต์,รถกระบะ รถบรรทุก"
R0089,ค่าเสื่อมราคา -ค่าลิขสิทธิ์ซอฟแวร์
R0090,ค่าเสื่อมราคา-เครื่องมือและอุปกรณ์ทุกชนิดปล่อยเช่า
R0091,ค่าเสื่อมราคา -คอมพิวเตอร์และอุปกรณ์
R0092,ค่าเสื่อมราคา -อาคารคอนโด เพื่อการลงทุน
R0093,ค่าที่ปรึกษา -ความเป็นไปได้
R0094,ค่าเบี้ยประชุม
R0095,ค่าตอบแทนกรรมการอื่น
R0097,เงินปันผล
R0098,"ค่าใช้จ่ายไม่มีใบเสร็จ (ไม่มีใบเสร็จ,บิลไม่ถูกต้อง)"
R0099,ค่าอำนวยความสะดวก
R0100,ค่าเบี้ยปรับเงินเพิ่ม
R0101,ค่าภาษีซื้อที่ขอคืนไม่ได้
R0102,"ค่าภาษีนิติบุคคล (เครดิตภาษีที่ไม่รับคืน) ภาษีไม่ขอคืน,ภาษีที่บ.ออกให้"
R0103,ค่าวัสดุส่วนเพิ่ม
R0104,หนี้สงสัยจะสูญ
